<?xml version="1.0" encoding="iso-8859-1"?>
<!DOCTYPE log4j:configuration SYSTEM "log4j.dtd" >
<log4j:configuration debug="false">

    <appender name="default.console" class="org.apache.log4j.ConsoleAppender">
        <param name="target" value="System.out" />
        <param name="threshold" value="debug" />
        <layout class="org.apache.log4j.PatternLayout">
            <param name="ConversionPattern" value="%d{ISO8601} %-5p [%c{1}] - %m%n" />
        </layout>
    </appender>

    <appender name="default.file" class="org.apache.log4j.FileAppender">
        <param name="file" value="logfile.log" />
        <param name="append" value="true" />
        <param name="threshold" value="debug" />
        <layout class="org.apache.log4j.PatternLayout">
            <param name="ConversionPattern" value="%d{ISO8601} %-5p [%c{1}] - %m%n" />
        </layout>
    </appender>

    <root>
        <priority value="info" />
     	 <appender-ref ref="default.console" />
     	 <appender-ref ref="default.file" />
    </root>
</log4j:configuration>